Blue Lemon Soda,55, 2020-10-06T13:33:38
Apple Soda,65, 2020-10-06T13:33:40
Apple Soda,65, 2020-10-06T13:33:40
Bubble Tea,35, 2020-10-06T13:33:41
Strawberry Soda,45, 2020-10-06T13:33:41
Strawberry Soda,45, 2020-10-06T13:33:41
Strawberry Soda,45, 2020-10-06T13:33:42
Bubble Tea,35, 2020-10-06T13:33:42
Bubble Tea,35, 2020-10-06T13:33:42
Bubble Tea,35, 2020-10-06T13:33:42
Apple Soda,65, 2020-10-06T13:33:43
Apple Soda,65, 2020-10-06T13:33:43
Apple Soda,65, 2020-10-06T13:33:43
Blue Lemon Soda,55, 2020-10-06T13:33:43
Blue Lemon Soda,55, 2020-10-06T13:33:43
Apple Soda,65, 2020-10-06T13:33:44
Apple Soda,65, 2020-10-06T13:33:44
Apple Soda,65, 2020-10-06T13:33:44
Blue Lemon Soda,55, 2020-10-06T13:33:44
Blue Lemon Soda,55, 2020-10-06T13:33:45
Blue Lemon Soda,55, 2020-10-06T13:33:45
Blue Lemon Soda,55, 2020-10-06T13:33:45
Blue Lemon Soda,55, 2023-04-09T11:52:08
Bubble Tea,35, 2023-04-09T11:52:08
Bubble Tea,35, 2023-04-09T11:52:09
Strawberry Soda,45, 2023-04-09T11:52:09
Strawberry Soda,45, 2023-04-09T11:52:09
Strawberry Soda,45, 2023-04-09T11:52:10
Bubble Tea,35, 2023-04-09T11:52:10
Bubble Tea,35, 2023-04-09T11:52:10
Strawberry Soda,45, 2023-04-09T11:52:10
Strawberry Soda,45, 2023-04-09T11:52:10
Strawberry Soda,45, 2023-04-09T11:52:11
Strawberry Soda,45, 2023-04-09T11:52:11
Strawberry Soda,45, 2023-04-09T11:52:11
Strawberry Soda,45, 2023-04-09T11:52:11
Strawberry Soda,45, 2023-04-09T11:52:12
Strawberry Soda,45, 2023-04-09T11:52:12
Strawberry Soda,45, 2023-04-09T11:52:12
Strawberry Soda,45, 2023-04-09T11:52:12
Strawberry Soda,45, 2023-04-09T11:52:13
Strawberry Soda,45, 2023-04-09T11:52:13
Strawberry Soda,45, 2023-04-09T11:52:13
Strawberry Soda,45, 2023-04-09T11:52:13
Bubble Tea,35, 2023-04-09T11:52:13
Bubble Tea,35, 2023-04-09T11:52:13
Bubble Tea,35, 2023-04-09T11:52:14
Bubble Tea,35, 2023-04-09T11:52:14
Bubble Tea,35, 2023-04-09T11:52:14
Strawberry Soda,45, 2023-04-09T11:52:14
Strawberry Soda,45, 2023-04-09T11:52:14
Strawberry Soda,45, 2023-04-09T11:52:15
Strawberry Soda,45, 2023-04-09T11:52:15
Strawberry Soda,45, 2023-04-09T11:52:15
Apple Soda,65, 2023-04-09T11:52:15
Apple Soda,65, 2023-04-09T11:52:16
Apple Soda,65, 2023-04-09T11:52:18
Strawberry Soda,45, 2023-04-09T11:53:42
Bubble Tea,35, 2023-04-09T11:53:42
Apple Soda,65, 2023-04-09T11:53:43
Blue Lemon Soda,55, 2023-04-09T11:53:43
Blue Lemon Soda,55, 2023-04-09T11:53:43
Apple Soda,65, 2023-04-09T11:53:44
Apple Soda,65, 2023-04-09T11:53:44
Bubble Tea,35, 2023-04-09T11:53:44
Strawberry Soda,45, 2023-04-09T11:53:44
